Country Name,Country Code,Series Name,Series Code,2015 [YR2015],2016 [YR2016],2017 [YR2017],2018 [YR2018],2019 [YR2019],2020 [YR2020],2021 [YR2021],2022 [YR2022],2023 [YR2023]
World,WLD,"Population, female",SP.POP.TOTL.FE.IN,3695002485,3738095868,3780911360,3822500717,3863053105,3901825980,3935711045,3970976262,4009026784
World,WLD,"Adolescent fertility rate (births per 1,000 women ages 15-19)",SP.ADO.TFRT,45.9613766028056,44.0296993889684,43.0460743387451,42.0380813046308,41.1760598230426,40.2191755970535,39.7317059523104,39.2846526953165,39.060650085799
World,WLD,"Life expectancy at birth, male (years)",SP.DYN.LE00.MA.IN,69.6076904109759,69.814183117271,69.9747613917036,70.2803141359245,70.5179407959146,69.6938651146375,68.8457227034894,70.5865297779335,70.9509824812086
World,WLD,"Life expectancy at birth, female (years)",SP.DYN.LE00.FE.IN,74.4622710906605,74.6961260135105,74.9003042785301,75.1394400844176,75.3489068020102,74.8456326084263,73.7443179940468,75.4914707227112,75.8433123202811
World,WLD,Sex ratio at birth (male births per female births),SP.POP.BRTH.MF,1.0674367394906,1.06757891999772,1.06499788335006,1.06431318125285,1.06316087100523,1.05861021374576,1.05687431260868,1.05611977306307,1.05555320195366
World,WLD,"Life expectancy at birth, total (years)",SP.DYN.LE00.IN,71.9647545102466,72.1848945967684,72.3653447819616,72.6436120803356,72.8689103086688,72.1822239463874,71.2154841745704,72.9690157226638,73.3297162833404
India,IND,"Population, female",SP.POP.TOTL.FE.IN,641725761,649527205,657238304,664608905,671679248,678442228,684279793,689891756,696186332
India,IND,"Adolescent fertility rate (births per 1,000 women ages 15-19)",SP.ADO.TFRT,18.194,14.535,15.166,15.133,14.796,14.423,14.289,14.185,14.06
India,IND,"Life expectancy at birth, male (years)",SP.DYN.LE00.MA.IN,67.827,68.231,68.61,68.973,69.312,68.529,65.87,70.237,70.522
India,IND,"Life expectancy at birth, female (years)",SP.DYN.LE00.FE.IN,70.94,71.297,71.632,71.963,72.287,71.938,68.835,73.271,73.598
India,IND,Sex ratio at birth (male births per female births),SP.POP.BRTH.MF,1.09,1.088,1.086,1.084,1.082,1.079,1.077,1.075,1.073
India,IND,"Life expectancy at birth, total (years)",SP.DYN.LE00.IN,69.326,69.709,70.068,70.415,70.746,70.156,67.282,71.698,72.003
,,,,,,,,,,,,
,,,,,,,,,,,,
,,,,,,,,,,,,
Data from database: World Development Indicators,,,,,,,,,,,,
Last Updated: 07/01/2025,,,,,,,,,,,,
Code,License Type,Indicator Name,Long definition,Source,Topic,Dataset,Unit of measure,Periodicity,Aggregation method,Statistical concept and methodology,Development relevance,Limitations and exceptions,General comments,License URL
SP.POP.TOTL.FE.IN,CC BY-4.0,"Population, female","Female population is based on the de facto definition of population, which counts all female residents regardless of legal status or citizenship.","World Population Prospects, United Nations (UN), publisher: UN Population Division;
Staff estimates, World Bank (WB)",Health: Population: Structure,WDI,Unit,Annual,Sum,"Methodology: Estimates are calculated using the World Bank's total population and age/sex distributions of the population in United Nations Population Division's World Population Prospects.
Statistical concept(s): Estimates of population by age and/or sex describe the size of the population in the category. Population estimates are dependent on the demographic components of change that are fertility, mortality and migration. As the size of population continues to change throughout the time even within a year, a reference time in the year that the estimate refers to is needed, such as mid-year, end-year or beginning of year. The values shown are midyear estimates.","Females comprise almost one-half of the world population.  Female population relative to male population is a primary demographic indicator, reflecting historical events such as wars and the socio-demographic and ethno-cultural characteristics of the population.",,,https://creativecommons.org/licenses/by/4.0/
SP.ADO.TFRT,CC BY-4.0,"Adolescent fertility rate (births per 1,000 women ages 15-19)","Adolescent fertility rate is the number of births per 1,000 women ages 15-19.","World Population Prospects, United Nations (UN), publisher: UN Population Division",Health: Reproductive health,WDI,Per 1000 women,Annual,Weighted average,"Methodology: Adolescent fertility rates are based on data on registered live births from vital registration systems or, in the absence of such systems, from censuses or sample surveys. The estimated rates are generally considered reliable measures of fertility in the recent past. Where no empirical information on age-specific fertility rates is available, a model is used to estimate the share of births to adolescents. For countries without vital registration systems fertility rates are generally based on censuses or surveys.
Statistical concept(s): Reproductive health is a state of physical and mental well-being in relation to the reproductive system and its functions and processes. Means of achieving reproductive health include education and services during pregnancy and childbirth, safe and effective contraception, and prevention and treatment of sexually transmitted diseases. Complications of pregnancy and childbirth are the leading cause of death and disability among women of reproductive age in developing countries.",Adolescent childbearing is associated with a wide range of risks for young mothers. Women who become pregnant and give birth very early in their lives as well as their newborns are subject to elevated health risks.,,This is the Sustainable Development Goal indicator 3.7.2 [https://unstats.un.org/sdgs/metadata/].,https://creativecommons.org/licenses/by/4.0/
SP.DYN.LE00.MA.IN,CC BY-4.0,"Life expectancy at birth, male (years)",Life expectancy at birth indicates the number of years a newborn infant would live if prevailing patterns of mortality at the time of its birth were to stay the same throughout its life.,"World Population Prospects, United Nations (UN), publisher: UN Population Division;
Statistical databases and publications from national statistical offices, National statistical offices;
Demographic Statistics, Eurostat (ESTAT)",Health: Mortality,WDI,Years,Annual,Weighted average,"Methodology: Life expectancy at birth is derived from life tables and is based on sex- and age-specific death rates.
Statistical concept(s): Life expectancy at birth used here is the average number of years a newborn is expected to live if mortality patterns at the time of its birth remain constant in the future. It reflects the overall mortality level of a population, and summarizes the mortality pattern that prevails across all age groups in a given year. It is calculated in a period life table which provides a snapshot of a population's mortality pattern at a given time. It therefore does not reflect the mortality pattern that a person actually experiences during his/her life, which can be calculated in a cohort life table.
High mortality in young age groups significantly lowers the life expectancy at birth. But if a person survives his/her childhood of high mortality, he/she may live much longer. For example, in a population with a life expectancy at birth of 50, there may be few people dying at age 50. The life expectancy at birth may be low due to the high childhood mortality so that once a person survives his/her childhood, he/she may live much longer than 50 years.","Mortality rates for different age groups (infants, children, and adults) and overall mortality indicators (life expectancy at birth or survival to a given age) are important indicators of health status in a country. Because data on the incidence and prevalence of diseases are frequently unavailable, mortality rates are often used to identify vulnerable populations. And they are among the indicators most frequently used to compare socioeconomic development across countries.",Annual data series from United Nations Population Division's World Population Prospects are interpolated data from 5-year period data. Therefore they may not reflect real events as much as observed data.,,https://creativecommons.org/licenses/by/4.0/
SP.DYN.LE00.FE.IN,CC BY-4.0,"Life expectancy at birth, female (years)",Life expectancy at birth indicates the number of years a newborn infant would live if prevailing patterns of mortality at the time of its birth were to stay the same throughout its life.,"World Population Prospects, United Nations (UN), publisher: UN Population Division;
Statistical databases and publications from national statistical offices, National statistical offices;
Demographic Statistics, Eurostat (ESTAT)",Health: Mortality,WDI,Years,Annual,Weighted average,"Methodology: Life expectancy at birth is derived from life tables and is based on sex- and age-specific death rates.
Statistical concept(s): Life expectancy at birth used here is the average number of years a newborn is expected to live if mortality patterns at the time of its birth remain constant in the future. It reflects the overall mortality level of a population, and summarizes the mortality pattern that prevails across all age groups in a given year. It is calculated in a period life table which provides a snapshot of a population's mortality pattern at a given time. It therefore does not reflect the mortality pattern that a person actually experiences during his/her life, which can be calculated in a cohort life table.
High mortality in young age groups significantly lowers the life expectancy at birth. But if a person survives his/her childhood of high mortality, he/she may live much longer. For example, in a population with a life expectancy at birth of 50, there may be few people dying at age 50. The life expectancy at birth may be low due to the high childhood mortality so that once a person survives his/her childhood, he/she may live much longer than 50 years.","Mortality rates for different age groups (infants, children, and adults) and overall mortality indicators (life expectancy at birth or survival to a given age) are important indicators of health status in a country. Because data on the incidence and prevalence of diseases are frequently unavailable, mortality rates are often used to identify vulnerable populations. And they are among the indicators most frequently used to compare socioeconomic development across countries.",Annual data series from United Nations Population Division's World Population Prospects are interpolated data from 5-year period data. Therefore they may not reflect real events as much as observed data.,,https://creativecommons.org/licenses/by/4.0/
SP.POP.BRTH.MF,CC BY-4.0,Sex ratio at birth (male births per female births),Sex ratio at birth refers to male births per female births.,"World Population Prospects, United Nations (UN), publisher: UN Population Division",Health: Population: Structure,WDI,Male births per female births,Annual,Weighted average,"Methodology: Sex ratio at birth is calculated as number of male births divided by number of female births.
Statistical concept(s): If the sex ratio at birth is greater than 1, it indicates more boys born that year than girls.","In the absence of interference, it is expected that the sex ratio at birth is fairly stable within the range of 1.03 to 1.07 boys born per 1.00 girls. However, in some populations, the observed sex ratio at birth is well above this range because of sex-selection driven by the preference for sons over daughters.",,,https://creativecommons.org/licenses/by/4.0/
SP.DYN.LE00.IN,CC BY-4.0,"Life expectancy at birth, total (years)",Life expectancy at birth indicates the number of years a newborn infant would live if prevailing patterns of mortality at the time of its birth were to stay the same throughout its life.,"World Population Prospects, United Nations (UN), uri: UN Population Division;
Statistical databases and publications from national statistical offices, National statistical offices, note: Derived from male and female life expectancy at birth from sources such as statistical databases and publications from national statistical offices.;
Demographic Statistics, Eurostat (ESTAT), note: Derived from male and female life expectancy at birth from sources such as Eurostat: Demographic Statistics.",Health: Mortality,WDI,Years,Annual,Weighted average,"Methodology: Life expectancy at birth is derived from life tables and is based on sex- and age-specific death rates, or derived from male and female life expectancy at birth.
Statistical concept(s): Life expectancy at birth used here is the average number of years a newborn is expected to live if mortality patterns at the time of its birth remain constant in the future. It reflects the overall mortality level of a population, and summarizes the mortality pattern that prevails across all age groups in a given year. It is calculated in a period life table which provides a snapshot of a population's mortality pattern at a given time. It therefore does not reflect the mortality pattern that a person actually experiences during his/her life, which can be calculated in a cohort life table.
High mortality in young age groups significantly lowers the life expectancy at birth. But if a person survives his/her childhood of high mortality, he/she may live much longer. For example, in a population with a life expectancy at birth of 50, there may be few people dying at age 50. The life expectancy at birth may be low due to the high childhood mortality so that once a person survives his/her childhood, he/she may live much longer than 50 years.","Mortality rates for different age groups (infants, children, and adults) and overall mortality indicators (life expectancy at birth or survival to a given age) are important indicators of health status in a country. Because data on the incidence and prevalence of diseases are frequently unavailable, mortality rates are often used to identify vulnerable populations. And they are among the indicators most frequently used to compare socioeconomic development across countries.",Annual data series from United Nations Population Division's World Population Prospects are interpolated data from 5-year period data. Therefore they may not reflect real events as much as observed data.,,https://creativecommons.org/licenses/by/4.0/
